Date,Shift,Machine,Product,Production_Capacity,Actual_Production,Downtime_Hours,Breakdown_Count,Maintenance_Hours,Defect_Quantity,Operators,Raw_Material_Quality
01-01-2026,A,WD-01,Wire 2.0mm,520,461,1.23,2,1.02,6,4,Good
01-01-2026,A,GAL-02,Wire Rope 6x19,450,394,3.36,2,3.59,5,4,Good
01-01-2026,C,STR-01,Wire 2.0mm,430,381,1.52,0,1.67,10,3,Average
01-01-2026,B,GAL-02,Wire Rope 6x37,450,384,1.93,0,1.91,6,4,Good
01-01-2026,B,STR-02,Wire Rope 6x19,410,363,3.15,5,3.53,9,3,Good
01-01-2026,A,STR-01,Wire Rope 6x19,430,384,1.15,2,1.14,5,4,Good
01-01-2026,B,STR-01,Wire 3.0mm,430,407,1.51,1,1.7,12,3,Average
01-01-2026,B,STR-01,Wire 3.0mm,430,385,1.13,1,0.77,6,4,Good
01-01-2026,C,GAL-02,Wire 2.0mm,450,380,2.65,5,2.01,6,3,Good
02-01-2026,C,GAL-01,Wire 3.0mm,470,385,0.51,0,0.47,5,3,Average
02-01-2026,C,STR-01,Wire Rope 6x37,430,379,2.25,4,2.44,6,3,Good
02-01-2026,B,STR-01,Wire Rope 6x19,430,384,3.21,3,2.77,6,2,Good
02-01-2026,B,GAL-02,Wire Rope 6x37,450,374,2.86,2,2.18,2,3,Good
02-01-2026,B,GAL-01,Wire 2.0mm,470,412,1.33,2,1.2,5,3,Good
02-01-2026,B,GAL-01,Wire Rope 6x19,470,381,1.76,1,1.79,10,3,Average
02-01-2026,C,WD-02,Wire Rope 6x37,500,472,0.94,3,0.85,6,3,Good
02-01-2026,B,STR-01,Wire Rope 6x37,430,399,2.01,3,1.61,9,2,Good
02-01-2026,A,STR-02,Wire 3.0mm,410,379,3.19,4,2.77,12,3,Average
02-01-2026,C,WD-01,Wire Rope 6x37,520,401,1.11,0,0.83,14,3,Average
02-01-2026,A,GAL-02,Wire Rope 6x19,450,392,3.25,1,3.69,5,2,Good
02-01-2026,A,GAL-02,Wire 3.0mm,450,423,3.16,1,3.6,6,3,Good
02-01-2026,A,STR-01,Wire Rope 6x19,430,347,1.57,2,1.73,5,3,Good
02-01-2026,B,WD-01,Wire Rope 6x19,520,418,1.26,2,1.41,5,3,Good
03-01-2026,C,STR-01,Wire 2.0mm,430,355,1.57,1,1.3,8,4,Average
03-01-2026,A,WD-01,Wire Rope 6x19,520,368,1.14,0,1.08,16,2,
03-01-2026,A,WD-02,Wire Rope 6x19,500,417,2.37,3,2.63,11,3,Average
03-01-2026,C,WD-01,Wire 2.0mm,520,484,1.55,3,1.1,5,3,Good
03-01-2026,B,WD-02,Wire Rope 6x37,500,425,1.87,1,1.26,5,3,Good
03-01-2026,B,GAL-02,Wire 3.0mm,450,370,3.49,1,3.55,11,3,Good
03-01-2026,A,WD-02,Wire 2.0mm,500,439,1.47,0,1.64,5,3,Good
03-01-2026,C,WD-01,Wire Rope 6x19,520,455,1.08,1,0.94,7,4,Average
04-01-2026,B,GAL-02,Wire 3.0mm,450,361,2.18,1,2.01,7,2,Average
04-01-2026,C,WD-02,Wire Rope 6x19,500,372,0.88,1,0.83,6,4,Good
04-01-2026,A,GAL-02,Wire Rope 6x19,450,328,3.24,2,2.95,18,3,Poor
04-01-2026,C,GAL-01,Wire 3.0mm,470,408,1.37,1,1.46,4,3,Good
04-01-2026,B,STR-01,Wire Rope 6x37,430,344,2.59,1,2.41,3,3,Good
04-01-2026,C,GAL-01,Wire 2.0mm,470,413,1.82,4,1.23,5,3,Good
05-01-2026,B,STR-01,Wire 3.0mm,430,376,1.84,2,1.97,5,4,Good
05-01-2026,B,GAL-01,Wire 3.0mm,470,404,1.65,2,1.33,9,2,Good
05-01-2026,A,STR-01,Wire Rope 6x19,430,337,2.37,1,1.7,3,4,Good
05-01-2026,B,GAL-01,Wire Rope 6x37,470,408,0.86,1,0.79,8,4,Good
05-01-2026,A,GAL-02,Wire Rope 6x37,450,339,3.01,4,2.5,4,4,Good
05-01-2026,A,STR-02,Wire Rope 6x19,410,341,2.78,2,3.1,5,3,Good
05-01-2026,B,STR-02,Wire Rope 6x19,410,332,2.66,4,1.99,5,3,Good
05-01-2026,A,WD-01,Wire 3.0mm,520,431,1.13,1,1.16,9,3,Good
05-01-2026,C,STR-01,Wire 2.0mm,430,364,2.35,2,2.66,15,3,Good
05-01-2026,C,WD-01,Wire 2.0mm,520,457,1.19,0,0.78,13,2,Average
06-01-2026,C,GAL-01,Wire 3.0mm,470,460,2.13,0,2.11,8,4,Good
06-01-2026,A,GAL-01,Wire Rope 6x19,470,386,1.23,3,1.37,10,4,Good
06-01-2026,B,GAL-02,Wire 2.0mm,450,423,2.64,1,2.06,6,2,Good
06-01-2026,C,STR-01,Wire Rope 6x19,430,379,1.8,2,1.32,18,3,Average
06-01-2026,C,WD-02,Wire 3.0mm,500,416,1.61,0,1.52,19,3,Average
06-01-2026,A,WD-02,Wire 2.0mm,500,432,1.6,3,1.31,7,3,Good
06-01-2026,A,GAL-02,Wire 2.0mm,470,420,1.31,2,1.43,5,3,Good
07-01-2026,C,STR-01,Wire Rope 6x19,430,294,1.74,3,1.68,7,3,Good
07-01-2026,A,GAL-01,Wire 2.0mm,470,313,1.95,0,1.59,6,2,Average
07-01-2026,A,STR-02,Wire Rope 6x37,410,357,2.54,0,1.88,5,3,Good
07-01-2026,C,STR-01,Wire 3.0mm,430,404,1.68,1,1.72,3,3,Good
07-01-2026,B,STR-02,Wire Rope 6x37,410,330,3.19,2,2.99,5,3,Average
07-01-2026,B,STR-01,Wire Rope 6x37,430,347,1.59,0,1.47,9,2,Average
07-01-2026,A,GAL-02,Wire Rope 6x37,450,318,3.17,2,3.42,8,3,Good
07-01-2026,C,WD-01,Wire 3.0mm,520,427,1.16,1,0.87,9,2,Average
08-01-2026,B,GAL-02,Wire Rope 6x19,450,347,3.09,4,2.7,7,3,Average
08-01-2026,A,GAL-01,Wire 2.0mm,470,359,1.55,1,1.73,4,3,Good
08-01-2026,C,WD-02,Wire Rope 6x19,500,437,2.28,1,1.88,3,3,Good
08-01-2026,C,GAL-01,Wire 3.0mm,470,372,2.05,1,2.11,8,3,Good
08-01-2026,B,WD-01,Wire 2.0mm,520,385,1.08,0,0.81,1,3,Good
08-01-2026,B,STR-02,Wire 3.0mm,410,290,3.1,1,3.23,4,3,Good
08-01-2026,C,GAL-01,Wire 3.0mm,470,386,0.9,0,0.84,7,2,Good
08-01-2026,C,WD-02,Wire Rope 6x19,500,382,1.67,1,1.33,8,3,Average
08-01-2026,B,STR-01,Wire Rope 6x37,430,383,1.64,2,1.62,11,2,Average
08-01-2026,A,WD-01,Wire Rope 6x37,520,449,2.29,0,2.3,10,2,Good
08-01-2026,B,WD-02,Wire 2.0mm,500,385,2.11,0,2.35,9,4,Good
08-01-2026,C,WD-02,Wire Rope 6x19,500,435,0.82,1,0.92,5,2,Good
08-01-2026,A,WD-01,Wire 2.0mm,520,509,1,0,0.77,6,3,Good
08-01-2026,B,STR-01,Wire Rope 6x37,430,324,2.52,1,2.84,8,3,Good
08-01-2026,A,GAL-01,Wire 2.0mm,470,381,2.55,1,2.45,7,3,Good
09-01-2026,A,GAL-01,Wire 3.0mm,470,370,1.91,1,1.76,4,3,Good
09-01-2026,A,STR-01,Wire Rope 6x19,430,326,2.33,3,1.95,12,3,Average
09-01-2026,C,STR-01,Wire 2.0mm,430,364,2.04,2,1.57,12,3,Average
09-01-2026,A,WD-02,Wire 2.0mm,500,396,1.71,1,1.4,14,3,Average
09-01-2026,A,WD-02,Wire 2.0mm,500,359,1.88,1,2.08,17,3,Poor
10-01-2026,A,STR-01,Wire Rope 6x37,430,347,1.9,4,1.52,9,3,Good
10-01-2026,C,STR-02,Wire 3.0mm,410,357,2.16,1,1.65,16,3,Average
10-01-2026,C,STR-02,Wire 3.0mm,410,358,3.06,0,2.56,2,3,Good
10-01-2026,C,WD-02,Wire 2.0mm,500,390,1.37,1,1.2,9,2,Good
10-01-2026,C,WD-02,Wire 2.0mm,500,360,1.32,1,1.13,5,,Good
10-01-2026,C,WD-01,Wire 2.0mm,520,486,1.24,1,0.83,11,2,Average
10-01-2026,A,STR-01,Wire Rope 6x19,430,359,2.47,0,1.67,7,4,Good
10-01-2026,B,STR-02,Wire Rope 6x37,410,342,2.71,3,2.42,6,3,Average
11-01-2026,C,STR-02,Wire 2.0mm,410,304,2.4,2,1.84,2,3,Good
11-01-2026,B,WD-01,Wire Rope 6x37,520,432,1.32,3,1.01,3,2,Good
11-01-2026,A,WD-02,Wire 3.0mm,500,486,0.71,2,0.55,18,3,Average
11-01-2026,A,GAL-02,Wire 3.0mm,450,388,2.9,1,1.91,6,2,Good
11-01-2026,B,GAL-01,Wire 3.0mm,470,441,1.44,2,1.31,14,3,Average
12-01-2026,A,STR-02,Wire Rope 6x19,410,388,3.02,1,2.86,5,2,Good
12-01-2026,C,GAL-01,Wire 3.0mm,470,423,2.21,1,1.87,9,3,Average
12-01-2026,C,GAL-01,Wire Rope 6x19,470,419,1.4,0,1,2,4,Good
12-01-2026,C,STR-02,Wire 3.0mm,410,368,3.14,2,2.98,6,4,Good
12-01-2026,C,WD-02,Wire 2.0mm,500,415,2.35,1,2.33,26,3,Poor
12-01-2026,A,GAL-02,Wire 3.0mm,450,389,2.82,1,2.24,7,4,Good
12-01-2026,B,STR-01,Wire 2.0mm,430,377,1.12,1,1.28,8,3,Average
12-01-2026,A,GAL-01,Wire 3.0mm,470,425,2.02,2,1.5,8,2,Good
12-01-2026,B,GAL-01,Wire Rope 6x37,470,395,2.17,3,2.14,7,4,Good
13-01-2026,C,GAL-02,Wire 3.0mm,450,423,2.92,1,1.98,27,3,Poor
13-01-2026,A,STR-02,Wire Rope 6x19,410,372,3.27,1,3.43,14,3,Good
13-01-2026,B,GAL-02,Wire 2.0mm,450,364,3.1,2,2.04,5,3,Good
13-01-2026,A,STR-02,Wire Rope 6x19,410,352,2.48,0,2.53,5,3,Good
13-01-2026,A,GAL-01,Wire Rope 6x37,470,373,1.66,1,1.08,2,2,Good
13-01-2026,B,WD-02,Wire Rope 6x37,500,447,1.52,1,1.65,14,3,Average
13-01-2026,C,STR-01,Wire Rope 6x19,430,388,1.6,0,1.39,3,3,Good
13-01-2026,B,WD-01,Wire 2.0mm,520,507,1.73,0,1.42,3,3,Good
13-01-2026,B,GAL-02,Wire 3.0mm,450,353,3.07,1,2.2,3,3,Good
13-01-2026,C,STR-01,Wire Rope 6x37,430,389,1.56,0,1.34,8,3,Good
13-01-2026,A,STR-01,Wire 2.0mm,430,361,2.45,2,2.41,5,3,Good
14-01-2026,A,GAL-02,Wire 2.0mm,450,377,3.42,2,2.56,4,3,Good
14-01-2026,C,GAL-02,Wire 2.0mm,450,363,4.42,0,3.24,7,4,Good
14-01-2026,A,STR-02,Wire 3.0mm,410,321,2.82,3,2.02,14,3,Poor
14-01-2026,B,WD-01,Wire Rope 6x19,520,411,1.31,2,0.99,11,2,Average
14-01-2026,C,GAL-02,Wire 3.0mm,450,423,2.91,3,2.43,11,3,Average
14-01-2026,C,WD-02,Wire Rope 6x19,500,462,1.97,0,2.15,6,2,Good
14-01-2026,C,GAL-01,Wire Rope 6x19,470,423,1.12,1,0.85,6,3,Good
14-01-2026,A,WD-02,Wire 3.0mm,500,467,1.88,1,1.64,7,3,Good
14-01-2026,B,WD-02,Wire 3.0mm,500,440,1.97,2,1.42,5,3,Good
15-01-2026,C,STR-02,Wire Rope 6x19,410,349,2.23,1,1.58,7,4,Good
15-01-2026,B,GAL-02,Wire Rope 6x37,450,369,2.55,3,2.78,9,4,Good
15-01-2026,A,STR-02,Wire 3.0mm,410,341,2.68,2,1.9,6,4,Good
15-01-2026,B,STR-01,Wire Rope 6x37,430,373,2.13,2,1.84,5,2,Good
15-01-2026,C,STR-01,Wire 3.0mm,430,343,2.05,0,2.17,6,2,Good
15-01-2026,B,STR-01,Wire 2.0mm,430,290,2.8,1,2.27,12,2,Average
15-01-2026,A,STR-02,Wire Rope 6x37,410,364,2.51,2,2.15,8,4,Good
15-01-2026,A,GAL-02,Wire Rope 6x19,450,392,3.15,2,2.43,6,4,Good
15-01-2026,A,STR-02,Wire Rope 6x19,410,359,3.25,2,2.27,4,4,Good
15-01-2026,A,WD-02,Wire 2.0mm,500,457,1.34,3,1.07,18,2,Average
16-01-2026,A,GAL-01,Wire 3.0mm,470,404,1.5,0,1.37,11,3,Average
16-01-2026,C,STR-01,Wire 2.0mm,430,406,1.45,1,1.03,10,3,Good
16-01-2026,B,GAL-01,Wire Rope 6x37,470,386,1.06,0,0.9,5,3,Good
16-01-2026,A,GAL-01,Wire Rope 6x37,470,393,2.03,1,2.18,12,3,Good
16-01-2026,B,STR-02,Wire 2.0mm,410,368,2.61,3,2.52,9,3,Good
16-01-2026,A,WD-02,Wire Rope 6x19,500,442,1.63,1,1.09,5,3,Good
17-01-2026,B,GAL-02,Wire 3.0mm,450,399,2.83,0,2.19,13,3,Good
17-01-2026,B,WD-01,Wire 2.0mm,520,448,2.04,2,2.12,8,3,Good
17-01-2026,A,STR-02,Wire 3.0mm,410,340,3.37,2,2.23,8,3,Good
17-01-2026,C,STR-02,Wire Rope 6x19,410,401,2.11,3,1.42,13,4,Average
17-01-2026,B,WD-01,Wire Rope 6x19,520,429,1.55,0,1.05,6,3,Good
17-01-2026,B,WD-02,Wire Rope 6x37,500,430,1.76,1,1.32,9,3,Good
17-01-2026,A,STR-01,Wire 2.0mm,430,374,2.24,2,2.31,10,3,Average
18-01-2026,B,STR-02,Wire Rope 6x37,410,345,3.21,7,3.53,6,2,Average
18-01-2026,A,GAL-02,Wire 2.0mm,450,367,2.7,2,3.1,6,3,Average
18-01-2026,B,WD-02,Wire Rope 6x37,500,421,1.93,1,1.79,6,3,Good
18-01-2026,C,STR-02,Wire 3.0mm,410,368,3.09,4,2.12,9,3,Average
18-01-2026,C,GAL-02,Wire 2.0mm,450,379,4.43,1,4.84,12,2,Average
18-01-2026,C,GAL-02,Wire Rope 6x37,450,401,2.7,1,2.01,4,3,Good
19-01-2026,B,WD-01,Wire 2.0mm,520,437,1.19,0,1,9,4,Good
19-01-2026,C,GAL-02,Wire Rope 6x19,450,369,3.29,0,3.78,14,2,Average
19-01-2026,A,WD-01,Wire Rope 6x37,520,486,1.86,1,2.12,5,3,Good
19-01-2026,A,WD-02,Wire Rope 6x37,500,384,2.25,0,1.63,6,2,Good
19-01-2026,C,WD-02,Wire 2.0mm,430,352,1.77,2,1.59,5,3,Good
19-01-2026,A,WD-01,Wire 3.0mm,520,428,0.93,1,0.95,9,2,Good
19-01-2026,B,WD-01,Wire 3.0mm,520,439,0.91,0,0.75,6,4,Good
19-01-2026,A,STR-02,Wire 2.0mm,410,362,2.71,4,2.46,6,4,Good
20-01-2026,A,WD-01,Wire Rope 6x19,520,485,2.11,2,1.59,5,2,Good
20-01-2026,C,STR-02,Wire 2.0mm,410,351,3.19,0,2.51,6,3,Good
20-01-2026,A,GAL-01,Wire Rope 6x37,470,415,1.98,0,1.37,11,3,Good
20-01-2026,B,WD-01,Wire 2.0mm,520,449,1.32,0,0.98,1,3,Good
20-01-2026,A,GAL-02,Wire 3.0mm,450,377,3.18,2,2.86,6,3,Good
20-01-2026,B,WD-01,Wire Rope 6x37,520,431,2.02,2,1.53,4,3,Good
20-01-2026,C,STR-01,Wire 3.0mm,430,366,2.18,2,1.99,12,3,Average
20-01-2026,A,STR-02,Wire Rope 6x19,410,350,3.21,4,3.37,13,3,Average
20-01-2026,C,GAL-02,Wire Rope 6x19,450,388,2.82,1,2.83,11,2,Good
21-01-2026,A,GAL-02,Wire Rope 6x37,450,403,3.7,0,3.3,13,3,Good
21-01-2026,A,GAL-01,Wire 3.0mm,470,439,1.69,0,1.64,5,3,Good
21-01-2026,A,GAL-01,Wire Rope 6x37,470,424,1.98,1,2.18,7,3,Good
21-01-2026,B,GAL-02,Wire Rope 6x19,450,352,3.54,3,2.9,10,3,Good
21-01-2026,A,GAL-02,Wire Rope 6x19,450,399,3.12,2,2.61,0,2,Good
21-01-2026,B,GAL-02,Wire Rope 6x19,450,359,3.85,0,3.06,9,3,Good
21-01-2026,C,WD-02,Wire 2.0mm,500,441,1.89,2,1.52,7,4,Good
21-01-2026,C,WD-02,Wire Rope 6x19,500,454,2.32,1,2.32,11,2,Average
21-01-2026,B,WD-02,Wire Rope 6x19,500,421,1.2,0,1.01,6,3,Good
21-01-2026,C,STR-02,Wire Rope 6x19,410,367,2.64,1,2.45,6,3,Good
21-01-2026,B,GAL-01,Wire Rope 6x37,470,438,1.93,1,1.62,4,3,Good
21-01-2026,B,STR-02,Wire 2.0mm,410,337,3.14,1,2.23,8,2,Good
21-01-2026,B,WD-02,Wire Rope 6x37,500,402,1.8,1,1.89,3,2,Good
21-01-2026,A,STR-02,Wire 2.0mm,410,401,2.62,0,2.13,13,3,Average
21-01-2026,B,STR-02,Wire Rope 6x19,410,387,2.89,5,2.75,6,3,Average
21-01-2026,C,STR-02,Wire Rope 6x37,410,381,2.73,0,2.04,5,3,Good
21-01-2026,B,WD-01,Wire 2.0mm,520,450,1.23,1,1.19,6,2,Good
22-01-2026,B,WD-02,Wire 2.0mm,500,477,1.83,0,1.71,5,3,Good
22-01-2026,A,GAL-01,Wire 3.0mm,470,388,1.71,2,1.89,3,2,Good
22-01-2026,B,STR-01,Wire Rope 6x37,430,409,2.12,1,1.4,5,3,Good
22-01-2026,C,WD-01,Wire 2.0mm,520,412,1.77,2,1.78,10,2,Average
22-01-2026,C,GAL-01,Wire 2.0mm,470,440,1.02,0,0.7,10,3,Good
22-01-2026,B,GAL-02,Wire 2.0mm,450,388,2.81,1,2.87,9,3,Good
22-01-2026,A,WD-01,Wire 3.0mm,520,473,1.87,1,1.55,6,3,Good
23-01-2026,C,STR-01,Wire Rope 6x19,430,395,2.4,0,2.17,12,2,Average
23-01-2026,B,STR-02,Wire 2.0mm,410,320,3.37,1,3.58,7,3,Average
23-01-2026,B,GAL-02,Wire 2.0mm,450,375,3.52,2,3.76,15,2,Average
23-01-2026,C,STR-02,Wire Rope 6x19,410,380,2.64,3,1.99,13,3,Average
23-01-2026,A,WD-01,Wire Rope 6x19,520,509,0,1,0.2,16,2,Average
23-01-2026,B,WD-01,Wire 3.0mm,520,480,1.44,1,0.98,28,4,Poor
23-01-2026,C,STR-01,Wire Rope 6x37,430,343,1.93,1,1.98,9,3,Good
23-01-2026,A,WD-02,Wire Rope 6x19,500,410,0.78,0,0.74,6,3,Good
23-01-2026,B,STR-01,Wire Rope 6x37,430,332,1.65,0,1.46,4,4,Good
24-01-2026,C,GAL-02,Wire 3.0mm,450,362,3.36,1,2.78,11,3,Average
24-01-2026,C,STR-02,Wire Rope 6x19,410,342,3.84,1,2.65,11,3,Good
24-01-2026,B,GAL-01,Wire 2.0mm,470,443,1.19,3,0.84,12,2,Average
24-01-2026,C,WD-02,Wire Rope 6x19,500,401,1.82,2,1.23,15,4,Average
24-01-2026,B,STR-02,Wire 2.0mm,410,363,2.77,2,2.26,8,3,Good
24-01-2026,B,STR-01,Wire 3.0mm,430,347,2.01,2,2.01,9,4,Average
24-01-2026,C,WD-02,Wire 2.0mm,500,419,1.85,3,1.57,6,3,Good
25-01-2026,C,WD-01,Wire Rope 6x19,520,446,0.55,2,0.56,3,3,Good
25-01-2026,A,GAL-01,Wire 3.0mm,470,404,1.79,2,1.43,6,2,Good
25-01-2026,B,WD-02,Wire 3.0mm,500,391,1.4,1,1.49,17,2,Average
25-01-2026,A,GAL-01,Wire Rope 6x19,470,425,1.44,1,1.07,5,3,Good
25-01-2026,C,GAL-01,Wire 2.0mm,470,406,1.39,0,1.27,6,3,Good
25-01-2026,A,GAL-01,Wire 3.0mm,470,387,1.36,1,1.21,2,4,Good
25-01-2026,C,WD-01,Wire 3.0mm,520,480,1.75,2,1.34,13,3,Average
25-01-2026,A,STR-02,Wire 3.0mm,410,324,3.05,0,2.74,4,3,Good
26-01-2026,A,WD-01,Wire 3.0mm,520,412,0.63,0,0.71,5,3,Good
26-01-2026,A,STR-02,Wire Rope 6x19,410,315,2.77,1,2.75,9,3,Average
26-01-2026,B,STR-02,Wire Rope 6x37,410,348,2.88,1,2.93,5,4,Good
26-01-2026,A,STR-02,Wire Rope 6x19,410,355,3.09,1,2.61,11,3,Average
26-01-2026,A,GAL-02,Wire 2.0mm,450,342,3.3,1,2.29,6,2,Good
26-01-2026,B,STR-02,Wire Rope 6x19,410,339,2.38,6,2.49,10,4,Good
26-01-2026,A,GAL-01,Wire Rope 6x37,470,432,1.85,2,2,3,3,Good
26-01-2026,C,GAL-01,Wire Rope 6x19,470,409,1.66,0,1.9,3,4,Good
26-01-2026,A,STR-02,Wire 3.0mm,410,362,2.9,5,2.62,15,3,Average
26-01-2026,C,STR-02,Wire 3.0mm,410,358,2.3,3,1.55,6,3,Good
27-01-2026,B,WD-02,Wire Rope 6x37,500,430,2.68,1,2.16,8,4,Good
27-01-2026,B,STR-02,Wire 2.0mm,410,361,2.86,0,2.28,4,2,Good
27-01-2026,A,GAL-01,Wire 3.0mm,470,397,1.28,0,1.42,8,2,Average
28-01-2026,C,STR-02,Wire Rope 6x37,410,346,3.61,1,3.18,5,3,Good
28-01-2026,B,STR-02,Wire 2.0mm,410,338,3.02,1,2.67,10,3,Good
28-01-2026,C,GAL-02,Wire Rope 6x19,450,372,2.67,1,2.16,6,3,Good
28-01-2026,B,STR-02,Wire 3.0mm,410,372,2.35,0,2.43,4,2,Good
28-01-2026,B,GAL-02,Wire Rope 6x19,450,329,2.61,1,2.11,3,2,Good
28-01-2026,C,STR-01,Wire 2.0mm,430,377,2.73,1,2.72,5,2,Good
28-01-2026,C,WD-02,Wire Rope 6x37,500,439,2.1,2,2.22,7,2,Good
28-01-2026,C,WD-01,Wire 2.0mm,520,400,1.38,1,1.37,6,4,Good
29-01-2026,C,WD-01,Wire 2.0mm,520,455,1.66,4,1.33,35,2,Poor
29-01-2026,B,GAL-02,Wire 3.0mm,450,341,3.25,1,2.2,7,2,Good
29-01-2026,B,WD-02,Wire 2.0mm,500,441,1.07,0,0.95,12,3,Average
29-01-2026,C,GAL-02,Wire 3.0mm,450,346,3.29,1,2.81,3,2,Good
29-01-2026,A,WD-01,Wire 2.0mm,520,437,1.06,2,1.06,16,3,Average
29-01-2026,B,STR-01,Wire Rope 6x37,430,345,2.16,0,1.55,4,4,Good
30-01-2026,C,STR-02,Wire 3.0mm,410,309,3.62,3,3.5,6,3,Good
30-01-2026,B,GAL-01,Wire 3.0mm,470,440,1.18,2,1.21,6,4,Average
30-01-2026,A,GAL-01,Wire Rope 6x37,470,356,2.38,4,1.76,4,4,Good
30-01-2026,A,WD-01,Wire 3.0mm,520,483,1.33,0,1.38,7,3,Good
30-01-2026,B,WD-02,Wire 3.0mm,500,435,1.72,1,1.28,3,2,Good
30-01-2026,B,WD-01,Wire Rope 6x19,520,488,1.32,0,0.94,16,2,Average
30-01-2026,C,GAL-02,Wire 3.0mm,450,380,2.89,4,2.95,11,2,Average
30-01-2026,A,GAL-01,Wire Rope 6x37,470,374,1.88,0,1.68,6,3,Good
31-01-2026,C,WD-02,Wire Rope 6x37,500,454,1.58,3,1.7,11,3,Good
31-01-2026,C,WD-01,Wire Rope 6x19,520,461,1.01,1,1.03,7,3,Good
31-01-2026,A,STR-01,Wire Rope 6x37,430,394,1.97,1,1.79,7,2,Good
31-01-2026,C,GAL-02,Wire 3.0mm,450,360,3.43,1,3.52,10,3,Good
31-01-2026,B,STR-01,Wire Rope 6x37,430,354,2.27,0,1.74,5,3,Good
31-01-2026,B,GAL-02,Wire 2.0mm,450,378,2.83,0,3.14,6,3,Good
31-01-2026,C,WD-01,Wire Rope 6x37,520,486,0.89,3,0.87,8,3,Good
31-01-2026,A,STR-02,Wire 2.0mm,410,338,2.13,2,2.01,4,2,Good
31-01-2026,C,WD-01,Wire 3.0mm,520,443,0.87,0,0.59,37,2,Poor
31-01-2026,B,STR-01,Wire Rope 6x37,430,385,2.19,0,1.98,7,2,Good
01-02-2026,A,WD-02,Wire 3.0mm,500,428,1.63,0,1.8,13,3,Average
01-02-2026,A,STR-02,Wire Rope 6x37,410,319,3.11,1,2.8,4,4,Good
01-02-2026,B,WD-01,Wire 2.0mm,520,421,0.96,0,0.66,4,3,Good
01-02-2026,A,STR-02,Wire Rope 6x19,410,340,3.03,2,2.47,23,3,Poor
01-02-2026,A,WD-02,Wire 2.0mm,500,424,1.35,1,1.45,6,3,Good
01-02-2026,B,GAL-02,Wire Rope 6x19,450,376,2.98,1,2.07,10,4,Good
01-02-2026,C,GAL-02,Wire Rope 6x19,450,368,2.58,2,1.79,5,3,Good
01-02-2026,B,WD-02,Wire Rope 6x37,500,456,1.5,3,1.12,11,3,Good
01-02-2026,C,GAL-02,Wire 2.0mm,450,393,3.18,3,2.82,3,3,Good
02-02-2026,B,STR-02,Wire 3.0mm,410,296,2.28,0,2.51,6,4,Good
02-02-2026,C,GAL-01,Wire Rope 6x19,470,429,1.06,1,1.19,24,3,Poor
02-02-2026,B,WD-02,Wire Rope 6x37,500,388,0.62,0,0.51,7,2,Good
02-02-2026,A,STR-02,Wire Rope 6x37,410,388,2.77,3,2.89,11,2,Good
02-02-2026,A,GAL-01,Wire 2.0mm,470,415,2.13,1,1.78,10,3,Average
02-02-2026,A,WD-02,Wire 2.0mm,500,404,1.79,2,1.72,2,2,Good
02-02-2026,A,WD-02,Wire Rope 6x37,500,450,1.81,0,1.69,7,3,Good
03-02-2026,B,STR-01,Wire 2.0mm,430,329,1.8,5,1.27,7,2,Good
03-02-2026,B,GAL-02,Wire 2.0mm,450,396,2.47,5,2.52,4,4,Good
03-02-2026,B,WD-01,Wire 2.0mm,520,466,1.91,2,1.79,26,2,Poor
03-02-2026,B,GAL-01,Wire 2.0mm,470,401,1.85,1,1.51,8,3,Good
03-02-2026,A,STR-02,Wire 3.0mm,410,325,2.38,4,1.57,0,3,Good
03-02-2026,A,WD-01,Wire 2.0mm,520,423,2.15,1,2.46,15,3,Good
04-02-2026,B,GAL-01,Wire Rope 6x37,470,396,1.99,1,2.09,17,4,Average
04-02-2026,C,WD-02,Wire 2.0mm,500,432,0.82,3,0.93,14,4,Average
04-02-2026,B,GAL-02,Wire Rope 6x19,450,363,3.15,3,2.65,7,3,Good
04-02-2026,B,WD-01,Wire 2.0mm,520,425,0.92,2,0.78,5,2,Good
04-02-2026,A,GAL-01,Wire Rope 6x37,470,393,1.83,0,1.34,8,2,Good
04-02-2026,A,GAL-02,Wire Rope 6x19,450,375,3.38,3,2.75,11,3,Good
04-02-2026,C,STR-01,Wire 2.0mm,430,398,2.11,0,1.49,7,4,Good
04-02-2026,A,STR-02,Wire 3.0mm,410,323,3.85,3,2.67,2,3,Good
04-02-2026,A,WD-01,Wire Rope 6x19,520,437,1.75,0,1.7,13,3,Average
04-02-2026,B,WD-01,Wire 3.0mm,520,436,0.73,2,0.75,6,3,Good
04-02-2026,C,GAL-02,Wire Rope 6x19,450,396,3.14,2,3.54,5,2,Good
04-02-2026,B,GAL-01,Wire Rope 6x37,470,408,1.63,0,1.76,5,3,Good
05-02-2026,A,STR-01,Wire Rope 6x37,430,370,2.01,2,1.57,7,3,Good
05-02-2026,B,STR-01,Wire 2.0mm,430,391,2.79,2,3.12,4,2,Good
05-02-2026,C,GAL-01,Wire 2.0mm,470,396,1.83,1,1.7,13,3,Average
05-02-2026,C,STR-02,Wire Rope 6x37,410,390,2.46,1,2.6,6,3,Good
05-02-2026,B,GAL-01,Wire Rope 6x37,470,419,1.01,0,0.72,6,2,Good
05-02-2026,C,WD-01,Wire 2.0mm,520,413,1.58,0,1.53,8,4,Good
05-02-2026,C,GAL-02,Wire 3.0mm,450,370,3.78,4,2.75,6,4,Good
05-02-2026,C,GAL-02,Wire Rope 6x19,450,435,3.12,4,2.78,18,2,Average
05-02-2026,C,WD-02,Wire Rope 6x37,500,428,2.13,1,1.92,7,3,Good
05-02-2026,A,WD-02,Wire Rope 6x37,500,490,0.61,0,0.58,3,3,Good
05-02-2026,C,GAL-02,Wire Rope 6x19,450,337,3.09,2,3.04,6,2,Good
05-02-2026,C,GAL-01,Wire 3.0mm,470,425,1.33,2,1.06,6,3,Good
05-02-2026,C,STR-01,Wire 2.0mm,430,345,2.02,4,1.38,2,4,Good
05-02-2026,B,WD-02,Wire Rope 6x37,500,442,2.07,0,1.35,8,3,Good
06-02-2026,A,STR-01,Wire Rope 6x19,430,365,1.15,0,0.85,3,2,Good
06-02-2026,A,STR-01,Wire Rope 6x19,430,350,1.96,3,1.8,7,2,Good
06-02-2026,C,STR-01,Wire Rope 6x37,430,406,1.76,1,1.86,11,3,Good
06-02-2026,A,WD-01,Wire 3.0mm,520,451,1.49,0,1.67,7,3,Good
06-02-2026,B,GAL-01,Wire Rope 6x37,470,413,1.88,1,2.03,6,3,Good
06-02-2026,B,GAL-01,Wire 2.0mm,470,374,1.43,1,1.15,8,3,Good
06-02-2026,A,WD-01,Wire Rope 6x37,520,370,1.86,0,1.84,15,3,Average
06-02-2026,C,WD-01,Wire Rope 6x19,520,456,2.23,1,2.11,22,3,Poor
06-02-2026,B,WD-02,Wire Rope 6x19,500,456,1.78,0,1.92,4,3,Good
07-02-2026,A,STR-02,Wire Rope 6x19,410,356,2.72,1,2.93,7,3,Good
07-02-2026,C,GAL-01,Wire Rope 6x37,470,437,0.76,1,0.65,5,3,Good
07-02-2026,B,STR-02,Wire 3.0mm,410,336,2.46,1,2.53,5,2,Good
07-02-2026,B,STR-01,Wire Rope 6x19,520,509,1.15,1,0.86,6,4,Good
07-02-2026,B,WD-02,Wire 3.0mm,500,421,1.65,1,1.28,5,4,Good
07-02-2026,C,STR-02,Wire Rope 6x37,410,340,2.83,3,3.08,9,3,Average
08-02-2026,A,STR-01,Wire 3.0mm,430,355,1.58,2,1.7,5,3,Good
08-02-2026,A,WD-02,Wire 3.0mm,500,452,2.1,0,2.18,12,2,Good
08-02-2026,B,WD-02,Wire 2.0mm,500,428,1.82,1,1.6,5,4,Good
08-02-2026,B,WD-02,Wire 3.0mm,500,467,0.86,1,0.95,18,2,Poor
08-02-2026,C,STR-01,Wire Rope 6x37,430,319,1.21,2,1.07,7,3,Average
08-02-2026,A,STR-01,Wire Rope 6x37,430,339,1.65,3,1.09,4,4,Good
08-02-2026,A,WD-01,Wire 3.0mm,520,465,1.19,2,0.94,25,2,Poor
09-02-2026,B,STR-01,Wire 3.0mm,430,365,2.29,0,1.62,3,3,Good
09-02-2026,A,WD-01,Wire Rope 6x19,520,429,1.79,2,1.82,12,3,Average
09-02-2026,A,STR-02,Wire 2.0mm,410,325,2.93,1,2.96,8,4,Average
10-02-2026,B,GAL-02,Wire 2.0mm,450,324,3.75,1,3.58,4,3,Good
10-02-2026,C,STR-01,Wire 3.0mm,430,388,1.94,1,2,7,3,Good
10-02-2026,C,GAL-02,Wire 2.0mm,450,376,3.27,2,3.7,10,2,Average
10-02-2026,A,STR-02,Wire 2.0mm,410,373,2.71,0,2.7,6,3,Good
10-02-2026,A,GAL-01,Wire Rope 6x37,470,386,2.02,0,2.08,3,2,Good
10-02-2026,B,WD-02,Wire 2.0mm,500,419,1.37,1,1.02,6,3,Good
10-02-2026,A,STR-02,Wire 3.0mm,410,371,3.32,2,3.42,11,3,Good
11-02-2026,C,GAL-01,Wire Rope 6x19,470,381,1.21,2,0.97,6,3,Good
11-02-2026,B,GAL-01,Wire Rope 6x19,470,430,1.17,0,1.32,7,2,Good
11-02-2026,C,WD-02,Wire 2.0mm,500,442,1.07,0,1,4,3,Good
11-02-2026,B,GAL-01,Wire Rope 6x19,470,395,1.13,2,0.88,8,3,Average
11-02-2026,A,STR-02,Wire 3.0mm,410,370,1.98,1,1.76,6,3,Good
11-02-2026,A,STR-02,Wire Rope 6x19,410,345,2.72,4,2.7,11,2,Average
11-02-2026,C,GAL-02,Wire 2.0mm,450,391,3.34,5,3.54,9,4,Good
11-02-2026,A,STR-01,Wire Rope 6x19,430,397,1.53,1,1.49,5,2,Good
11-02-2026,B,STR-02,Wire 3.0mm,410,346,2.89,1,2.78,9,3,Good
11-02-2026,A,STR-02,Wire 3.0mm,410,353,2.56,1,1.92,2,4,Good
12-02-2026,B,GAL-02,Wire Rope 6x37,450,356,3.27,1,3.7,14,3,Average
12-02-2026,B,GAL-01,Wire Rope 6x19,470,444,1.36,1,1.14,11,3,Average
12-02-2026,C,STR-02,Wire Rope 6x37,410,331,2.91,2,2.45,5,3,Average
12-02-2026,B,GAL-01,Wire 3.0mm,470,327,1.11,1,1.22,4,3,Good
12-02-2026,B,STR-02,Wire 2.0mm,410,318,1.89,1,2,10,4,Average
12-02-2026,C,STR-02,Wire 3.0mm,410,366,3.51,6,2.72,4,3,Good
12-02-2026,A,WD-01,Wire Rope 6x37,520,467,1.73,1,1.41,8,2,Good
12-02-2026,A,STR-01,Wire Rope 6x19,430,363,0.81,2,0.67,10,3,Average
12-02-2026,B,GAL-02,Wire Rope 6x37,450,391,3.45,4,3.46,24,2,Poor
13-02-2026,B,STR-02,Wire 2.0mm,410,355,2.89,3,2.74,6,3,Good
13-02-2026,A,STR-02,Wire 2.0mm,410,349,3.48,3,2.55,5,2,Good
13-02-2026,B,WD-01,Wire 3.0mm,520,478,0.91,1,1.01,10,3,Good
13-02-2026,A,WD-01,Wire 3.0mm,520,461,1.24,2,1.15,8,3,Good
13-02-2026,A,STR-02,Wire 2.0mm,410,331,3.03,2,2.02,5,3,Good
13-02-2026,A,STR-02,Wire 3.0mm,410,314,2.4,4,2.03,10,2,Average
13-02-2026,A,GAL-02,Wire Rope 6x37,450,394,3.58,1,3.35,8,4,Good
13-02-2026,B,STR-01,Wire Rope 6x37,430,372,1.78,4,1.92,10,2,Average
13-02-2026,A,GAL-02,Wire 2.0mm,450,376,3.29,5,3.04,3,3,Good
13-02-2026,C,WD-01,Wire Rope 6x37,520,497,1.07,0,0.79,9,3,Good
13-02-2026,A,GAL-01,Wire Rope 6x19,470,408,0.56,2,0.43,8,4,Average
13-02-2026,C,GAL-01,Wire Rope 6x19,470,425,1.41,2,1.46,10,3,Average
14-02-2026,A,WD-02,Wire Rope 6x37,500,444,2.01,3,1.62,6,3,Good
14-02-2026,B,WD-01,Wire 2.0mm,520,439,0.48,1,0.39,7,3,Average
14-02-2026,A,GAL-02,Wire Rope 6x37,450,407,2.79,1,2.66,0,3,Good
14-02-2026,C,WD-02,Wire Rope 6x19,500,463,1.58,2,1.3,6,3,Good
14-02-2026,B,GAL-02,Wire 3.0mm,450,319,3.9,4,4.26,7,2,Good
14-02-2026,B,WD-01,Wire 2.0mm,430,365,1.22,1,1.15,1,2,Good
14-02-2026,A,WD-01,Wire Rope 6x37,520,506,1.11,2,0.88,19,3,Average
14-02-2026,B,STR-01,Wire 3.0mm,430,351,1.91,0,2.07,4,3,Good
14-02-2026,C,STR-02,Wire 3.0mm,410,359,2.62,3,1.96,4,3,Good
15-02-2026,B,STR-01,Wire 2.0mm,430,349,1.03,0,0.79,4,2,Good
15-02-2026,C,STR-02,Wire 2.0mm,410,334,2.69,1,2.83,6,3,Good
15-02-2026,C,WD-01,Wire 3.0mm,520,478,0.9,1,0.69,8,3,Good
15-02-2026,C,STR-01,Wire Rope 6x19,430,370,1.68,0,1.55,5,2,Good
16-02-2026,A,WD-02,Wire 2.0mm,500,446,1.71,1,1.8,6,4,Good
16-02-2026,A,STR-02,Wire Rope 6x19,410,332,2.6,1,2.7,7,2,Good
16-02-2026,C,WD-02,Wire 3.0mm,500,408,2.35,5,1.95,9,2,Good
16-02-2026,B,WD-01,Wire 3.0mm,520,445,1.55,0,1.69,14,3,Average
16-02-2026,C,STR-02,Wire Rope 6x37,410,333,3.16,2,3.07,9,3,Good
16-02-2026,C,STR-01,Wire 3.0mm,430,389,2.56,2,2.06,16,3,Average
16-02-2026,B,STR-02,Wire 2.0mm,410,333,3.15,1,2.84,6,4,Good
16-02-2026,B,WD-01,Wire 3.0mm,520,486,1.48,1,1.5,12,3,Average
17-02-2026,C,STR-02,Wire Rope 6x37,410,316,3.2,3,3.12,6,2,Average
17-02-2026,B,GAL-01,Wire Rope 6x37,470,316,1.41,0,1.45,2,4,Good
17-02-2026,B,WD-01,Wire Rope 6x37,520,478,0.82,1,0.67,10,3,Good
17-02-2026,C,STR-02,Wire Rope 6x19,410,339,2.57,1,2.32,3,3,Good
17-02-2026,A,WD-01,Wire 2.0mm,520,448,1.48,2,1.07,7,3,Good
17-02-2026,A,WD-01,Wire 2.0mm,520,433,1.79,0,1.39,6,2,Good
17-02-2026,B,WD-02,Wire Rope 6x37,500,489,1.97,0,2.13,5,3,Good
18-02-2026,A,STR-02,Wire 2.0mm,410,330,3.26,2,3.52,9,3,Good
18-02-2026,B,GAL-01,Wire Rope 6x19,470,430,1.65,2,1.52,7,2,Good
18-02-2026,C,STR-01,Wire Rope 6x19,430,342,2.43,2,2.06,10,3,Average
18-02-2026,B,GAL-01,Wire 2.0mm,470,397,1.76,2,1.41,9,3,Average
18-02-2026,C,STR-01,Wire Rope 6x37,430,389,2.12,2,1.57,7,4,Good
18-02-2026,A,WD-02,Wire Rope 6x19,500,461,1.42,0,0.93,11,4,Good
18-02-2026,B,STR-01,Wire 3.0mm,430,367,1.88,1,1.29,5,3,Good
18-02-2026,A,STR-01,Wire 3.0mm,430,338,2.07,1,1.54,6,2,Good
18-02-2026,A,GAL-02,Wire Rope 6x19,450,377,2.87,0,2.48,20,3,Poor
18-02-2026,B,WD-01,Wire Rope 6x19,520,458,1.29,0,1.3,8,3,Good
19-02-2026,A,GAL-02,Wire 3.0mm,450,326,3.73,2,4.2,4,3,Good
19-02-2026,B,GAL-01,Wire Rope 6x19,470,395,0.9,0,0.96,4,3,Good
19-02-2026,A,GAL-01,Wire 2.0mm,470,427,2.02,0,1.79,5,3,Good
19-02-2026,B,GAL-01,Wire Rope 6x19,470,418,0.69,1,0.71,8,2,Good
19-02-2026,C,STR-02,Wire 2.0mm,410,334,2.79,3,2.05,6,4,Good
19-02-2026,C,STR-02,Wire Rope 6x37,410,357,3.34,3,2.24,8,3,Good
19-02-2026,C,STR-02,Wire 3.0mm,410,338,3.21,3,3.39,9,2,Good
19-02-2026,A,WD-01,Wire Rope 6x37,520,419,1.24,0,0.91,4,4,Good
19-02-2026,B,STR-01,Wire 3.0mm,430,371,2.01,4,1.92,5,3,Good
20-02-2026,A,GAL-01,Wire 3.0mm,470,357,0.42,1,0.33,6,4,Good
20-02-2026,C,GAL-02,Wire 3.0mm,450,373,2.8,3,2.26,6,3,Good
20-02-2026,A,GAL-02,Wire 2.0mm,450,358,3.42,1,3.33,10,3,Average
20-02-2026,C,GAL-02,Wire 3.0mm,450,369,3.05,6,2.94,12,3,Average
20-02-2026,C,GAL-01,Wire 2.0mm,470,400,1.67,1,1.55,5,2,Good
21-02-2026,B,WD-01,Wire Rope 6x19,520,470,0.51,1,0.38,14,3,Average
21-02-2026,C,GAL-01,Wire 2.0mm,470,419,0.9,2,0.64,10,2,Good
21-02-2026,A,WD-01,Wire 3.0mm,520,428,0.7,0,0.62,21,4,Poor
21-02-2026,A,WD-01,Wire 2.0mm,520,487,1.14,0,0.99,3,2,Good
21-02-2026,B,GAL-01,Wire Rope 6x37,470,422,0.83,1,0.6,15,2,Average
21-02-2026,C,STR-02,Wire 2.0mm,410,354,2.43,2,2.51,8,2,Good
21-02-2026,B,STR-02,Wire 2.0mm,410,382,2.99,2,3.03,13,4,Average
21-02-2026,A,STR-02,Wire 3.0mm,410,364,2.84,1,3.04,8,3,Average
21-02-2026,A,WD-01,Wire Rope 6x19,520,429,1.1,1,1.05,6,4,Good
21-02-2026,B,WD-01,Wire Rope 6x19,520,461,0.33,0,0.22,13,2,Average
22-02-2026,C,WD-02,Wire 3.0mm,500,406,1.31,2,1.21,9,3,Good
22-02-2026,A,STR-02,Wire 2.0mm,410,372,3.06,1,2.26,7,3,Good
22-02-2026,A,WD-02,Wire Rope 6x19,500,436,1.38,1,1.25,7,3,Good
22-02-2026,A,STR-02,Wire 3.0mm,410,300,2.38,0,2.43,7,3,Average
23-02-2026,B,GAL-02,Wire Rope 6x19,450,376,3.35,2,3.14,10,2,Good
23-02-2026,C,STR-01,Wire Rope 6x37,430,341,2.44,3,2.7,6,3,Good
23-02-2026,B,WD-01,Wire Rope 6x37,520,426,1.05,0,1.19,12,2,Average
23-02-2026,B,STR-02,Wire Rope 6x19,410,349,2.84,2,2.07,27,3,Poor
23-02-2026,A,WD-02,Wire Rope 6x37,500,450,1.37,1,1.26,6,2,Good
24-02-2026,C,WD-02,Wire 2.0mm,500,436,2.05,1,2.24,5,3,Good
24-02-2026,C,WD-01,Wire 2.0mm,520,436,0.37,2,0.39,3,3,Good
24-02-2026,C,WD-01,Wire Rope 6x19,520,475,1.44,2,1.51,9,4,Good
24-02-2026,A,STR-02,Wire 3.0mm,410,344,4,1,4.37,9,2,Good
24-02-2026,A,STR-01,Wire Rope 6x19,430,413,1.42,0,0.94,8,3,Good
24-02-2026,A,GAL-01,Wire 3.0mm,470,373,1.88,0,2.13,11,2,Average
24-02-2026,B,STR-02,Wire Rope 6x37,410,377,2.87,1,2.54,9,3,Average
24-02-2026,C,STR-01,Wire Rope 6x19,430,354,2.11,1,1.98,4,2,Good
24-02-2026,C,GAL-02,Wire 3.0mm,450,396,3.54,3,2.44,7,3,Good
25-02-2026,B,GAL-01,Wire 2.0mm,470,395,1.59,1,1.76,12,3,Average
25-02-2026,C,WD-02,Wire Rope 6x19,500,429,1.24,2,1.33,7,4,Good
25-02-2026,C,WD-01,Wire 2.0mm,520,465,1.5,1,1.19,32,2,Poor
25-02-2026,C,WD-01,Wire Rope 6x19,520,420,0.99,0,0.88,6,4,Good
25-02-2026,B,GAL-01,Wire 3.0mm,470,354,1.21,1,0.91,7,3,Good
25-02-2026,C,STR-01,Wire 2.0mm,430,378,1.63,2,1.53,4,3,Good
25-02-2026,B,STR-01,Wire 3.0mm,430,369,1.83,1,1.32,12,3,Average
26-02-2026,B,WD-01,Wire 2.0mm,520,404,0.64,1,0.57,12,2,Average
26-02-2026,A,GAL-02,Wire Rope 6x19,450,352,2.69,5,2.71,10,4,Good
26-02-2026,C,STR-02,Wire 2.0mm,410,325,2.4,1,2,8,3,Good
27-02-2026,B,STR-02,Wire 3.0mm,410,329,3.02,1,2.61,5,3,Good
27-02-2026,B,GAL-02,Wire 2.0mm,450,330,3.76,1,3.6,10,3,Average
27-02-2026,B,WD-01,Wire 2.0mm,520,466,1.67,1,1.7,28,3,Poor
27-02-2026,A,GAL-01,Wire 2.0mm,470,363,1.27,2,1.27,22,3,Poor
27-02-2026,B,STR-02,Wire 2.0mm,410,363,1.97,4,2.03,5,3,Good
27-02-2026,A,WD-01,Wire Rope 6x37,520,411,2.03,0,2.09,4,3,Good
27-02-2026,B,GAL-01,Wire 2.0mm,470,419,1.84,2,2.01,5,4,Good
27-02-2026,A,STR-02,Wire Rope 6x37,410,390,3.12,1,3.06,3,2,Good
28-02-2026,A,STR-01,Wire Rope 6x37,430,362,2.16,3,1.54,3,3,Good
28-02-2026,A,WD-02,Wire 2.0mm,500,458,1.86,2,1.91,17,2,Average
28-02-2026,A,GAL-01,Wire Rope 6x19,470,359,2.05,0,2.25,6,3,Good
01-03-2026,C,WD-01,Wire Rope 6x37,520,435,1.23,1,1.3,12,4,Average
01-03-2026,A,WD-01,Wire 3.0mm,520,474,0.68,0,0.56,6,3,Good
01-03-2026,C,WD-01,Wire 3.0mm,520,468,0.83,1,0.91,3,4,Good
01-03-2026,A,GAL-01,Wire 3.0mm,470,377,0.85,1,0.63,3,2,Good
01-03-2026,C,STR-01,Wire 3.0mm,430,382,1.84,0,1.55,8,2,Good
01-03-2026,C,WD-01,Wire Rope 6x37,520,419,1.4,0,0.94,6,3,Good
01-03-2026,C,GAL-01,Wire Rope 6x37,470,387,1.96,2,1.37,28,3,Poor
01-03-2026,B,WD-01,Wire Rope 6x37,520,430,1.52,0,1.25,4,2,Good
01-03-2026,B,WD-01,Wire Rope 6x19,520,408,1.56,0,1.04,3,2,Good
01-03-2026,A,WD-02,Wire Rope 6x19,500,400,1.36,1,1.43,9,2,Good
01-03-2026,C,GAL-02,Wire 2.0mm,450,373,3.25,5,3.1,25,2,Poor
01-03-2026,A,STR-02,Wire Rope 6x37,410,367,2.4,1,2.2,7,3,Good
01-03-2026,A,WD-02,Wire 2.0mm,500,417,1.44,3,1.29,3,2,Good
01-03-2026,A,STR-02,Wire Rope 6x19,410,365,3.08,3,2.44,7,2,Good
01-03-2026,C,WD-02,Wire 2.0mm,500,401,1.56,2,1.05,10,2,Average
01-03-2026,B,WD-01,Wire Rope 6x37,520,355,1.28,4,1.09,7,3,Average
02-03-2026,C,WD-01,Wire Rope 6x37,520,405,1.6,4,1.75,7,2,Good
02-03-2026,A,STR-02,Wire 3.0mm,410,351,3.03,1,3.35,5,4,Good
02-03-2026,A,STR-02,Wire Rope 6x19,410,361,2.3,3,1.88,2,3,Good
02-03-2026,C,STR-02,Wire Rope 6x37,410,347,3.13,1,3,6,4,Good
03-03-2026,A,STR-02,Wire Rope 6x19,410,362,3.04,1,3.08,11,4,Good
03-03-2026,B,STR-01,Wire Rope 6x19,430,359,2.13,1,1.61,28,4,Poor
03-03-2026,B,WD-01,Wire 2.0mm,520,492,0.55,1,0.43,31,3,Poor
03-03-2026,A,GAL-01,Wire 3.0mm,470,362,1.24,4,1,2,3,Good
03-03-2026,C,GAL-01,Wire Rope 6x37,470,402,1.5,2,1.4,25,3,Poor
03-03-2026,A,GAL-01,Wire Rope 6x19,470,404,1.3,0,1.2,7,4,Good
03-03-2026,C,GAL-02,Wire Rope 6x19,450,379,2.86,2,1.95,9,4,Average
03-03-2026,B,STR-01,Wire Rope 6x37,430,375,2.11,2,2.01,4,2,Good
03-03-2026,B,GAL-02,Wire Rope 6x19,450,422,2.38,2,2.29,4,3,Good
04-03-2026,C,GAL-01,Wire 2.0mm,470,408,1.12,0,0.98,6,2,Good
04-03-2026,B,STR-01,Wire 2.0mm,430,329,1.93,2,2.18,4,2,Good
04-03-2026,A,WD-02,Wire Rope 6x19,500,419,2.04,1,2.28,6,3,Good
04-03-2026,C,WD-02,Wire Rope 6x19,500,463,1.71,1,1.27,7,4,Good
04-03-2026,C,WD-01,Wire 3.0mm,520,439,1.35,0,1.27,5,3,Good
04-03-2026,B,WD-02,Wire 3.0mm,500,411,1.84,0,1.58,9,3,Good
04-03-2026,A,GAL-02,Wire 3.0mm,450,417,3.39,0,3.78,9,2,Good
05-03-2026,B,STR-01,Wire 2.0mm,430,349,1.84,1,1.81,4,2,Good
05-03-2026,C,GAL-01,Wire 2.0mm,470,370,1.66,1,1.17,16,2,Average
05-03-2026,A,STR-02,Wire Rope 6x19,410,357,2.8,3,2.48,7,3,Average
05-03-2026,A,STR-01,Wire Rope 6x37,430,385,1.8,1,1.45,6,3,Average
06-03-2026,A,STR-01,Wire 3.0mm,430,323,2.22,0,1.52,6,2,Good
06-03-2026,C,WD-02,Wire 2.0mm,500,402,1.58,1,1.33,4,4,Good
06-03-2026,B,GAL-01,Wire Rope 6x19,470,388,0.86,0,0.92,5,3,Good
06-03-2026,B,STR-01,Wire 2.0mm,430,361,2,3,1.97,16,3,Average
06-03-2026,C,WD-02,Wire Rope 6x19,500,396,1.81,0,1.78,8,4,Average
06-03-2026,B,WD-02,Wire 2.0mm,500,395,2.16,1,1.84,12,3,Average
06-03-2026,B,WD-01,Wire Rope 6x37,520,444,1.13,0,0.9,8,3,Good
06-03-2026,C,GAL-02,Wire Rope 6x37,450,392,2.77,1,3.08,8,4,Good
07-03-2026,B,WD-01,Wire Rope 6x19,520,458,1.32,1,0.86,11,3,Good
07-03-2026,B,WD-01,Wire 3.0mm,520,416,1.24,0,0.85,2,3,Good
07-03-2026,B,WD-02,Wire 2.0mm,500,450,1.32,1,0.94,3,4,Good
07-03-2026,A,WD-01,Wire 3.0mm,520,448,0.39,0,0.25,2,3,Good
07-03-2026,B,STR-01,Wire 2.0mm,430,325,1.46,1,1.24,4,2,Good
07-03-2026,B,GAL-02,Wire 3.0mm,450,374,3.19,0,3.35,10,3,Good
07-03-2026,C,GAL-01,Wire Rope 6x37,470,400,1.2,3,1.18,11,4,Average
07-03-2026,C,STR-01,Wire 3.0mm,430,292,2.43,3,2.75,2,2,Good
08-03-2026,A,GAL-01,Wire 2.0mm,470,431,0.93,1,0.93,10,3,Good
08-03-2026,A,WD-01,Wire Rope 6x19,520,476,1.14,0,0.89,9,3,Good
08-03-2026,C,GAL-02,Wire Rope 6x19,450,395,3.37,3,2.77,7,3,Average
08-03-2026,A,GAL-02,Wire Rope 6x37,450,373,2.51,2,2.32,9,2,Average
08-03-2026,B,STR-01,Wire 3.0mm,430,356,1.22,0,1.24,4,3,Good
09-03-2026,A,STR-01,Wire Rope 6x19,430,355,1.72,1,1.29,9,4,Good
09-03-2026,C,WD-01,Wire Rope 6x19,520,395,1.23,2,1.4,14,3,Average
09-03-2026,A,WD-02,Wire 3.0mm,500,437,2.18,1,1.5,11,3,Good
09-03-2026,A,STR-02,Wire Rope 6x19,410,283,3.26,5,3.67,10,2,Average
09-03-2026,B,WD-01,Wire Rope 6x19,520,417,2.08,1,1.86,9,4,Good
09-03-2026,C,GAL-02,Wire 3.0mm,450,372,3.74,0,3.21,6,3,Good
09-03-2026,B,STR-02,Wire 2.0mm,410,360,2.54,3,2.06,6,2,Good
09-03-2026,B,WD-02,Wire 2.0mm,500,372,1.17,1,1.21,8,3,Average
09-03-2026,A,WD-01,Wire Rope 6x37,520,396,1.7,0,1.55,6,3,Average
09-03-2026,B,GAL-01,Wire 2.0mm,470,385,1.21,2,1.02,4,3,Good
09-03-2026,B,STR-02,Wire Rope 6x37,410,350,4.01,4,2.89,18,2,Poor
09-03-2026,C,WD-01,Wire Rope 6x37,520,465,2.09,3,2.33,15,3,Average
10-03-2026,A,STR-02,Wire Rope 6x19,410,284,3.56,2,2.74,6,2,Good
10-03-2026,B,WD-02,Wire 3.0mm,500,420,1.75,0,1.85,5,2,Good
10-03-2026,A,GAL-01,Wire 2.0mm,470,382,1.08,1,0.89,6,3,Good
10-03-2026,A,GAL-02,Wire 2.0mm,450,358,2.77,0,2.67,19,4,Poor
10-03-2026,B,GAL-02,Wire Rope 6x19,450,391,3.29,0,3.02,6,3,Good
10-03-2026,C,GAL-02,Wire 3.0mm,450,375,3.72,2,2.68,11,3,Good
11-03-2026,C,GAL-02,Wire 3.0mm,450,400,2.96,2,2.16,17,3,Average
11-03-2026,B,STR-01,Wire Rope 6x19,430,355,1.82,2,1.55,2,3,Good
11-03-2026,C,GAL-01,Wire Rope 6x37,470,396,0.77,0,0.87,4,2,Good
11-03-2026,B,GAL-02,Wire 3.0mm,450,356,3.34,5,3.47,7,3,Good
11-03-2026,A,STR-02,Wire Rope 6x19,410,371,2.2,2,2,11,2,Good
11-03-2026,C,GAL-02,Wire 2.0mm,450,405,3.43,4,3.25,7,3,Good
11-03-2026,B,WD-01,Wire Rope 6x19,520,421,0.89,0,0.71,7,2,Good
11-03-2026,B,STR-02,Wire Rope 6x19,410,326,2.54,2,2.49,24,3,Poor
11-03-2026,C,WD-02,Wire 3.0mm,500,441,1.73,3,1.53,8,3,Good
11-03-2026,A,GAL-02,Wire Rope 6x37,450,403,3.36,3,2.92,5,4,Good
12-03-2026,B,STR-01,Wire 2.0mm,430,387,1.77,0,1.97,7,3,Good
12-03-2026,B,GAL-01,Wire Rope 6x37,470,392,1.42,1,1.02,7,3,Good
12-03-2026,B,STR-01,Wire 2.0mm,430,399,1.8,1,1.86,8,2,Good
12-03-2026,A,STR-02,Wire 3.0mm,410,331,3.1,2,3.32,3,3,Good
12-03-2026,A,WD-02,Wire 3.0mm,500,429,1.79,1,1.25,7,3,Good
13-03-2026,A,STR-02,Wire 3.0mm,410,333,3.52,0,3.64,9,3,Good
13-03-2026,C,STR-01,Wire 3.0mm,430,401,2.31,2,1.69,4,3,Good
13-03-2026,C,WD-01,Wire Rope 6x19,520,486,1.22,3,1.37,6,3,Good
13-03-2026,C,STR-02,Wire Rope 6x37,410,392,3.32,3,2.72,4,3,Good
13-03-2026,A,GAL-02,Wire 3.0mm,450,385,2.99,2,2.58,14,2,Good
13-03-2026,C,WD-02,Wire Rope 6x37,500,430,1.68,0,1.14,10,2,Good
13-03-2026,B,GAL-02,Wire Rope 6x19,450,399,2.69,3,3.01,4,4,Good
13-03-2026,A,WD-01,Wire Rope 6x19,520,378,0.84,0,0.91,1,3,Good
13-03-2026,C,GAL-02,Wire 3.0mm,450,369,4,2,2.88,8,2,Good
14-03-2026,B,WD-01,Wire Rope 6x37,520,437,0.88,0,0.79,6,4,Good
14-03-2026,C,WD-02,Wire 2.0mm,500,368,1.82,0,1.22,6,2,Good
14-03-2026,A,STR-02,Wire 2.0mm,410,360,3.45,2,2.37,7,3,Average
14-03-2026,B,WD-02,Wire Rope 6x19,500,467,0.77,1,0.75,5,3,Good
14-03-2026,C,STR-01,Wire Rope 6x19,430,373,2,2,1.76,4,4,Good
14-03-2026,B,GAL-01,Wire 2.0mm,470,430,1.49,3,1.28,6,3,Good
14-03-2026,C,STR-02,Wire Rope 6x19,410,371,3.49,2,2.81,15,4,Average
14-03-2026,A,STR-01,Wire Rope 6x19,430,380,0.71,1,0.5,7,3,Good
14-03-2026,B,GAL-01,Wire Rope 6x37,470,441,1.6,2,1.23,8,2,Good
15-03-2026,A,STR-02,Wire Rope 6x19,410,343,3.13,2,2.71,3,4,Good
15-03-2026,C,GAL-01,Wire Rope 6x19,470,411,1.42,1,1.04,6,3,Good
15-03-2026,B,STR-01,Wire Rope 6x37,430,332,2.09,2,2.31,13,4,Average
15-03-2026,A,GAL-02,Wire Rope 6x37,450,348,2.74,1,3.04,10,4,Good
15-03-2026,A,WD-01,Wire 2.0mm,520,435,1.37,0,1.36,7,3,Good
15-03-2026,B,WD-02,Wire 3.0mm,500,432,2.34,1,1.57,9,3,Average
15-03-2026,B,WD-01,Wire 3.0mm,520,465,1.3,0,1.07,11,3,Good
16-03-2026,C,WD-02,Wire 2.0mm,500,419,2.11,0,2.26,7,2,Good
16-03-2026,C,WD-01,Wire 3.0mm,520,460,1.26,1,0.94,5,3,Good
16-03-2026,C,STR-01,Wire Rope 6x19,430,364,1.65,1,1.09,10,3,Average
16-03-2026,A,WD-02,Wire 2.0mm,500,414,1.3,0,1.05,12,3,Average
16-03-2026,C,GAL-01,Wire 3.0mm,470,426,1.33,0,0.96,15,2,Average
16-03-2026,C,GAL-01,Wire 3.0mm,470,354,2.09,2,1.89,10,3,Good
16-03-2026,C,GAL-01,Wire 2.0mm,470,384,2.16,0,1.69,16,3,Average
16-03-2026,C,STR-01,Wire Rope 6x19,430,369,1.91,3,1.64,4,3,Good
16-03-2026,A,GAL-02,Wire Rope 6x19,450,330,3.31,0,2.56,8,3,Average
17-03-2026,B,STR-02,Wire 2.0mm,410,312,2.36,3,2.23,3,2,Good
17-03-2026,B,STR-01,Wire Rope 6x37,430,386,2.5,0,2.34,5,3,Good
17-03-2026,C,WD-02,Wire 2.0mm,500,443,1.45,1,1.47,13,2,Average
17-03-2026,B,STR-02,Wire 3.0mm,410,360,3.7,1,3.13,5,3,Good
17-03-2026,C,GAL-02,Wire Rope 6x37,450,424,4.04,4,4.14,10,3,Good
17-03-2026,C,STR-02,Wire 2.0mm,410,351,2.59,2,2.6,10,4,Good
17-03-2026,A,WD-02,Wire 3.0mm,500,457,2.07,2,1.6,9,4,Good
17-03-2026,B,GAL-02,Wire Rope 6x19,450,359,3.74,1,3.07,7,3,Good
17-03-2026,A,WD-02,Wire Rope 6x37,500,379,0.85,3,0.68,8,2,Average
18-03-2026,C,GAL-01,Wire Rope 6x37,470,388,0.81,1,0.83,6,4,Average
18-03-2026,B,GAL-02,Wire 3.0mm,450,392,2.43,1,2.58,14,4,Average
18-03-2026,C,WD-01,Wire 2.0mm,520,461,1.67,1,1.3,11,4,Good
18-03-2026,B,WD-01,Wire Rope 6x19,520,460,0.71,2,0.62,5,3,Good
18-03-2026,B,GAL-01,Wire 2.0mm,470,374,0.94,4,0.94,4,2,Good
19-03-2026,C,GAL-02,Wire Rope 6x19,450,357,3.72,0,2.77,13,2,Average
19-03-2026,A,GAL-01,Wire 2.0mm,470,411,1.65,2,1.78,4,2,Good
19-03-2026,C,GAL-01,Wire Rope 6x37,470,365,1.49,1,1.66,6,4,Good
19-03-2026,A,WD-01,Wire 2.0mm,520,381,1.4,0,1.33,3,4,Good
19-03-2026,A,GAL-01,Wire Rope 6x19,470,434,1.59,1,1.55,7,4,Good
19-03-2026,C,WD-01,Wire Rope 6x37,520,447,1.36,0,1.47,4,3,Good
19-03-2026,C,STR-01,Wire 2.0mm,430,391,1.76,3,1.53,12,2,Average
19-03-2026,B,WD-01,Wire 3.0mm,520,413,1.82,2,1.28,9,3,Good
19-03-2026,C,STR-01,Wire 2.0mm,430,351,2.51,2,2.17,8,2,Good
20-03-2026,B,STR-02,Wire Rope 6x37,410,330,2.28,0,1.81,5,2,Good
20-03-2026,C,WD-01,Wire 3.0mm,520,459,1.01,2,0.94,5,3,Good
20-03-2026,B,STR-02,Wire 3.0mm,410,351,2.71,3,3.04,4,2,Good
20-03-2026,A,STR-01,Wire Rope 6x37,430,336,0.99,3,1.13,8,3,Good
20-03-2026,A,WD-02,Wire 2.0mm,500,413,2.07,0,2.31,9,3,Good
20-03-2026,C,STR-02,Wire Rope 6x19,410,311,2.7,1,2.33,8,2,Average
20-03-2026,A,WD-02,Wire Rope 6x37,500,432,1.66,2,1.3,9,2,Average
20-03-2026,A,GAL-01,Wire 3.0mm,470,421,1.93,0,1.58,5,3,Good
21-03-2026,B,STR-01,Wire 3.0mm,430,384,1.72,2,1.22,9,2,Good
21-03-2026,C,GAL-02,Wire 3.0mm,450,411,2.52,1,1.64,7,2,Good
21-03-2026,C,STR-02,Wire 3.0mm,410,373,3.07,4,3.19,10,3,
21-03-2026,A,WD-01,Wire Rope 6x37,520,416,0.92,2,0.8,8,3,Good
21-03-2026,B,STR-02,Wire Rope 6x19,410,350,3.06,4,3.26,4,3,Good
21-03-2026,C,WD-02,Wire 3.0mm,500,391,1.92,2,2.15,3,3,Good
21-03-2026,B,GAL-01,Wire Rope 6x37,470,369,2.02,1,1.36,11,3,Average
21-03-2026,B,STR-01,Wire Rope 6x19,430,371,2.54,1,2.43,12,3,Good
21-03-2026,B,GAL-01,Wire 3.0mm,470,441,0.89,1,0.93,21,3,Poor
21-03-2026,B,STR-02,Wire 2.0mm,410,330,2.79,3,2.56,4,3,Good
22-03-2026,A,STR-02,Wire 2.0mm,410,324,2.58,2,2.12,3,3,Good
22-03-2026,A,GAL-01,Wire 2.0mm,470,394,1.28,3,1.16,1,3,Good
22-03-2026,A,WD-02,Wire Rope 6x37,500,412,1.76,1,1.7,4,3,Good
23-03-2026,B,WD-02,Wire Rope 6x19,500,380,1.81,0,1.41,3,3,Good
23-03-2026,B,STR-02,Wire Rope 6x37,410,321,3.04,3,2.86,11,3,Average
23-03-2026,A,GAL-02,Wire Rope 6x37,450,357,4.05,1,4.57,7,3,Average
23-03-2026,B,WD-01,Wire Rope 6x37,520,440,2.01,0,1.73,10,4,Average
23-03-2026,B,STR-01,Wire 2.0mm,430,369,2.62,1,2.91,7,3,Good
23-03-2026,C,STR-01,Wire 2.0mm,430,377,1.93,2,1.65,9,3,Good
23-03-2026,A,STR-01,Wire Rope 6x37,430,367,2.51,1,1.94,6,2,Good
23-03-2026,A,WD-02,Wire 3.0mm,500,470,1.2,4,0.98,11,3,Good
23-03-2026,A,WD-01,Wire Rope 6x37,520,419,1.16,0,0.91,2,2,Good
23-03-2026,C,WD-02,Wire 3.0mm,500,481,1.17,0,1.18,18,4,Average
23-03-2026,B,WD-02,Wire Rope 6x37,500,468,2.41,1,2.74,4,3,Good
24-03-2026,C,STR-02,Wire 2.0mm,410,329,3.14,0,2.36,4,2,Good
24-03-2026,B,WD-01,Wire Rope 6x19,520,468,1.34,1,1,13,3,Average
24-03-2026,B,GAL-01,Wire 3.0mm,470,427,1.16,0,0.8,7,3,Good
24-03-2026,C,WD-01,Wire Rope 6x37,520,468,1.12,1,1.2,8,3,Good
24-03-2026,C,WD-01,Wire 2.0mm,520,484,0.46,2,0.43,5,3,Good
24-03-2026,A,WD-01,Wire 3.0mm,520,434,1.3,0,1.06,15,3,Average
25-03-2026,C,WD-02,Wire 3.0mm,500,476,1.07,1,0.83,13,4,Average
25-03-2026,B,WD-02,Wire 2.0mm,500,438,1.5,1,1.4,11,3,Average
25-03-2026,A,GAL-01,Wire Rope 6x37,470,409,1.9,2,1.57,10,3,Good
25-03-2026,C,GAL-01,Wire 3.0mm,470,459,0.95,1,0.97,12,4,Average
25-03-2026,B,WD-01,Wire Rope 6x37,520,416,1.07,4,1.04,6,3,Average
25-03-2026,A,STR-02,Wire Rope 6x19,410,298,2.95,2,2.47,4,3,Good
25-03-2026,C,WD-01,Wire 2.0mm,520,404,0.93,1,0.94,5,2,Good
25-03-2026,A,GAL-02,Wire Rope 6x37,450,396,3.75,1,2.82,6,2,Good
25-03-2026,A,STR-02,Wire Rope 6x19,410,372,2.27,1,1.72,6,3,Good
26-03-2026,B,STR-02,Wire Rope 6x37,410,367,3.61,4,3.57,19,4,Poor
26-03-2026,C,WD-01,Wire Rope 6x37,520,470,1.42,0,1,2,4,Good
26-03-2026,B,GAL-01,Wire 3.0mm,470,397,1.51,1,1.35,5,3,Good
26-03-2026,B,STR-01,Wire Rope 6x19,430,406,2.04,1,1.43,21,2,Poor
26-03-2026,B,WD-01,Wire Rope 6x19,520,419,0.74,1,0.71,2,3,Good
26-03-2026,C,STR-01,Wire Rope 6x37,430,370,1.81,0,1.33,18,2,Poor
26-03-2026,C,WD-02,Wire Rope 6x37,500,445,1.71,1,1.59,9,3,Good
26-03-2026,B,GAL-02,Wire 3.0mm,450,404,3.04,3,2.04,5,2,Good
27-03-2026,A,STR-02,Wire Rope 6x19,410,344,3.09,2,2.41,11,2,Good
27-03-2026,C,GAL-02,Wire 3.0mm,450,401,3.44,4,3.79,5,3,Good
27-03-2026,B,GAL-01,Wire 3.0mm,470,395,1.94,1,1.46,7,2,Good
27-03-2026,C,GAL-01,Wire 2.0mm,470,374,1,2,1.03,8,3,Good
27-03-2026,C,GAL-02,Wire Rope 6x37,450,384,3.6,5,2.62,7,4,Good
27-03-2026,C,WD-02,Wire Rope 6x19,500,428,1.31,0,1.07,6,2,Good
27-03-2026,A,GAL-01,Wire 2.0mm,470,400,1.26,1,1.37,3,2,Good
27-03-2026,A,WD-02,Wire Rope 6x19,500,418,1.12,0,0.79,5,4,Good
28-03-2026,A,WD-02,Wire 3.0mm,500,434,1.97,2,1.79,6,2,Good
28-03-2026,C,GAL-01,Wire Rope 6x37,470,402,0.72,0,0.52,6,4,Good
28-03-2026,B,GAL-01,Wire 2.0mm,470,445,1.4,2,1.38,5,2,Good
28-03-2026,A,GAL-02,Wire Rope 6x19,450,361,2.83,2,3.11,12,3,Good
28-03-2026,B,WD-01,Wire 3.0mm,520,462,1.68,0,1.47,6,3,Good
28-03-2026,C,WD-02,Wire 2.0mm,500,418,2.03,0,1.77,26,2,Poor
28-03-2026,A,GAL-01,Wire Rope 6x37,470,421,1.5,0,1.05,5,4,Good
28-03-2026,C,STR-02,Wire 2.0mm,410,356,2.55,6,1.67,8,3,Good
28-03-2026,A,WD-02,Wire Rope 6x37,500,448,2.1,0,1.87,12,4,Average
28-03-2026,A,STR-01,Wire 2.0mm,430,407,1.24,4,1.27,10,2,Average
29-03-2026,C,WD-01,Wire 3.0mm,520,393,0.58,0,0.61,5,3,Good
29-03-2026,A,GAL-01,Wire 3.0mm,470,360,1.55,0,1.01,5,2,Good
29-03-2026,B,WD-01,Wire 2.0mm,520,460,1.6,1,1.72,7,3,Good
29-03-2026,C,STR-02,Wire Rope 6x19,410,320,2.66,4,2.63,4,2,Good
29-03-2026,C,GAL-01,Wire 2.0mm,470,458,1.29,0,1.02,10,4,Good
30-03-2026,B,WD-01,Wire Rope 6x19,520,445,0.95,0,0.66,7,3,Good
30-03-2026,C,GAL-02,Wire Rope 6x37,450,362,3.7,2,4.17,10,4,Good
30-03-2026,B,GAL-02,Wire Rope 6x37,450,396,3.24,3,3.43,7,3,Good
30-03-2026,C,GAL-01,Wire 2.0mm,470,406,2.5,1,2.85,8,2,Good
30-03-2026,B,STR-02,Wire 3.0mm,410,295,3.18,6,3.25,9,,Average
30-03-2026,C,STR-02,Wire Rope 6x19,410,344,2.56,4,2.78,10,2,Good
30-03-2026,B,STR-02,Wire 2.0mm,410,327,3.65,0,3.77,7,3,Good
30-03-2026,C,WD-02,Wire 2.0mm,500,410,2.65,3,2.55,6,3,Good
30-03-2026,B,WD-02,Wire 3.0mm,500,418,1.23,1,0.81,6,3,Good
30-03-2026,A,WD-01,Wire Rope 6x19,520,461,0.87,1,0.73,7,2,Good
31-03-2026,A,WD-01,Wire Rope 6x37,520,509,1.2,0,1.38,9,2,Average
31-03-2026,C,GAL-02,Wire Rope 6x37,450,389,3.02,1,2.19,8,2,Average
31-03-2026,B,STR-01,Wire 2.0mm,430,343,1.87,1,1.26,10,3,Good
31-03-2026,C,WD-02,Wire Rope 6x19,500,431,2.13,4,2.36,9,4,Good
31-03-2026,B,GAL-02,Wire 2.0mm,450,381,3.26,2,2.25,18,4,Average
31-03-2026,C,GAL-01,Wire Rope 6x37,470,404,1.15,1,1.31,5,3,Good
,,,,,,,,,,,
